Tanya Burr,46
Meredith Foster,56
CaseyNeistat,0
HouseholdHacker,43
David Guetta,1
Markiplier,43
Tyler Oakley,19
The Tonight Show Starring Jimmy Fallon,0
Lauren Curtis,15
VEGETTA777,93
Galo Frito,78
WORLDSTARHIPHOP,1
Webs & Tiaras - Toy Monster Compilations,1
T-Series,5
Matthew Santoro,11
PointlessBlog,1
REACT,3
Movies,0
The Late Late Show with James Corden,0
GMM GRAMMY OFFICIAL,35
Liza Koshy,0
Linkin Park,0
mangelrogel,54
Vsauce2,53
CinemaSins,70
Warner Bros. Pictures,1
JennaMarbles,34
CollegeHumor,0
EvanTubeHD,90
El Reino Infantil,6
Zoella,11
HigaTV,19
danisnotonfire,68
NBA,1
5 Alguma Coisa,77
RiceGum,0
SSSniperWolf,6
SQUEEZIE,95
AmazingPhil,69
The Game Theorists,32
Mini Ladd,40
Kandee Johnson,0
UKF Dubstep,36
Joe Weller,5
Mnet,0
Cameron Dallas,2
TheBajanCanadian,0
HolaSoyGerman.,47
Gronkh,3
Tobuscus,0
JeromeASF,0
Unbox Therapy,1
1theK (원더케이),0
YRF,3
Ed Sheeran,26
Programa Pânico,5
shane,3
enchufetv,9
DebRyanShow,0
Comedy Central,0
The X Factor USA,0
Jelly,2
GoPro,1
Anitta,11
Epic Meal Time,18
MagicofRahat,0
Bad Lip Reading,39
GameGrumps,24
invento na hora,0
IISuperwomanII,68
Henrique e Juliano,13
Wassabi Productions,55
ThatcherJoe,1
Lindsey Stirling,9
PrankvsPrank,26
SciShow,84
Eros Now,0
RocketJump,24
Skrillex,2
Smosh Games,0
Everson Zoio,9
TheWillyrex,0
FaZe Clan,3
DaniRep |  6 Vídeos Diarios De GTA 5 Onl,0
TV Shows,2
LetsPlay,0
Furious Pete,0
NetD Muzik,78
SteveKardynal,3
Typical Gamer,0
Red Bull,5
fouseyTUBE,0
W2S,5
HowToBasic,24
Alex Aiono,16
CyprienGaming,66
Conor Maynard,26
TomSka,54
NoCopyrightSounds,75
Manual do Mundo,1
ExpCaseros,1
AuronPlay,90
Craftingeek*,1
DisneyChannelLA,1
Lui Calibre,6
Kwebbelkop,0
Niki and Gabi,1
NORMAN,20
Fernanfloo,82
BibisBeautyPalace,54
Porta dos Fundos,5
majorlazer,0
National Geographic,0
Vevo,0
LastWeekTonight,11
VitalyzdTv,12
officialpsy,18
Just For Laughs Gags,0
5incominutos,3
ช่อง one,9
Kurt Hugo Schneider,0
SMTOWN,30
Ryan Lewis,7
CaptainSparklez,6
BuzzFeedVideo,0
Team Coco,0
Nash Grier,3
JacksGap,12
T3ddy,0
ComedyShortsGamer,0
Sky Does Minecraft,14
MattyBRaps,0
Ingrid Nilsen,5
BRKsEDU,4
Japa,7
Simon's Cat,12
SevenSuperGirls,17
Fatos Desconhecidos,0
Philip DeFranco,0
RomanAtwood,26
Caspar,1
ThePianoGuys,6
MOVIECLIPS,0
Rclbeauty101,1
AuthenticGames,0
Call of Duty,2
Luisito Comunica,0
Willyrex,0
Britain's Got Talent,0
AlexXxStrecci,16
Bratayley,10
Dude Perfect,6
WWE,0
CutiePieMarzia,4
Musas,3
XpressTV,1
MBC GROUP,20
Howcast,0
KSI,2
Ray  William Johnson,0
AwesomenessTV,0
The Voice,0
Cimorelli,4
AsapSCIENCE,0
Jaclyn Hill,52
Wismichu,1
Jimmy Kimmel Live,1
Bart Baker,0
Você Sabia?,0
Christian Figueiredo,18
WatchMojo.com,1
VanossGaming,1
FPSRussia,31
Miranda Sings,46
elrubiusOMG,74
Tomorrowland,4
Cyprien,52
Wiz Khalifa,1
FamilyFunPack,36
Felipe Neto,4
ExplodingTNT,69
Mister V,25
Ultra Music,0
AWE me,0
Sebastián Villalobos,9
Ownage Pranks,0
Monstercat,0
steveo,0
ConnorFranta,1
TheFineBros,0
Carli Bybel,1
FaZe Apex,2
Colors TV,0
CrashCourse,8
One Direction,22
Wengie,0
grav3yardgirl,39
emimusic,5
minutephysics,57
Hardwell,0
NikkieTutorials,0
coisadenerd,4
boyceavenue,27
Atlantic Records,5
CasalDeNerd,3
Rosanna Pansino,4
Bie The Ska,33
Machinima,0
Charlie Puth,4
LubaTV,21
The X Factor UK,0
TheSoundYouNeed,41
Yuya,1
CorridorDigital,12
Sony Music India,0
CanalCanalha,29
TechRax,85
NexxuzHD,37
Veritasium,8
Mamilos Molengas,21
League of Legends,0
PewDiePie,33
Rémi GAILLARD,3
Alan Walker,16
Troye Sivan,6
Vete a la Versh,0
Proximity,0
Маша и Медведь,6
FailArmy,0
Spinnin' Records,8
Google,1
Parafernalha,0
Vikkstar123,0
Apple,0
Galinha Pintadinha,22
ERB,16
IGN,0
JuegaGerman,92
Top Gear,0
MyLifeAsEva,8
The Slow Mo Guys,86
Fueled By Ramen,31
iBallisticSquid,32
SmarterEveryDay,18
LaurDIY,18
devinsupertramp,7
LittleBabyBum ®,3
Trap City,5
Marcus Butler,2
Bethany Mota,6
boogie2988,22
rezendeevil,1
SSundee,69
Bruno Mars,3
FaZe Rain,0
TheRichest,0
theRadBrad,60
BIGBANG,12
freekickerz,3
TheSyndicateProject,0
sWooZie,28
VICE,0
Canal Nostalgia,0
Rhett,8
melanie martinez,6
TED,0
Rooster Teeth,2
El Rincón De Giorgio,10
Trap Nation,1
Paint,0
Mother Goose Club,25
Ali-A,23
YosStoP,13
TED-Ed,0
PlayStation,11
luzugames,98
Werevertumorro,7
AndreasChoice,10
Michelle Phan,0
JoeyGraceffa,0
Clash of Clans,21
Screen Junkies,0
Cute Girls Hairstyles,7
Vsauce,70
Smosh,0
Martin Garrix,2
CaELiKe,7
