b'CollegeHumor',b'What Could go Wrong with Our Dangerous Traps? (CHome Alone 5/5)',b'435318',b'110k Views'
b'Canal Nostalgia',b'ANIMATOONS#7 - Julio Cocielo vs Bebida',b'3385355',b'283k Views'
b'VICE',b'Joby Ogwyn Wants to Be the First Person to Jump Off the Side of Mount Everest',b'172877',b'291k Views'
b'FailArmy',b'FailArmy Presents: Bails',b'3141881',b'1.4M Views'
b'BIGBANG',"b""BIGBANG10 THE MOVIE - 'BIGBANG MADE' INTERVIEW TEASER : T.O.P""",b'188679',b'37k Views'
b'BIGBANG',"b""BIGBANG - WORLD TOUR 'MADE' FINAL IN SEOUL DVD PROMO SPOT""",b'406574',b'352k Views'
b'BIGBANG',"b""BIGBANG10 THE MOVIE - 'BIGBANG MADE' INTERVIEW TEASER : G-DRAGON""",b'256256',b'38k Views'
b'BIGBANG',"b""BIGBANG10 THE MOVIE - 'BIGBANG MADE' INTERVIEW TEASER :  SEUNGRI""",b'212060',b'68k Views'
b'BIGBANG',"b""BIGBANG10 THE MOVIE - 'BIGBANG MADE' INTERVIEW TEASER : DAESUNG""",b'161552',b'68k Views'
b'BIGBANG',"b""BIGBANG10 THE MOVIE - 'BIGBANG MADE' INTERVIEW TEASER : TAEYANG""",b'187206',b'68k Views'
b'Jimmy Kimmel Live',b'Jennifer Lawrence Dissed Jimmy Kimmel at a U2 Concert',b'222961',b'326k Views'
b'Jimmy Kimmel Live',b'Jennifer Lawrence Apologizes a Lot',b'319162',b'326k Views'
b'Jimmy Kimmel Live',b'Rami Malek Ran Into Ex Immediately After Winning An Emmy',b'780618',b'204k Views'
b'Jimmy Kimmel Live',b'Jennifer Lawrence & Jimmy Kimmel are Hypochondriacs',b'733315',b'326k Views'
b'Jimmy Kimmel Live',b'Jennifer Lawrence Really Wants You to See Passengers',b'340857',b'326k Views'
b'Jimmy Kimmel Live',b'Jennifer Lawrence Gets Her Revenge on Chris Pratt',b'5899946',b'326k Views'
b'Miranda Sings',b'EPIC MANNEQUIN CHALLENGE!',b'1315439',b'1.8M Views'
b'Miranda Sings',b'TAMPON JEWELRY CHALLENGE DIY',b'667194',b'1.8M Views'
b'Miranda Sings',b'HATERS BACK OFF  // Netflix Teaser',b'1050026',b'334k Views'
b'Miranda Sings',b'WARHEAD CANDY CANE CHALLENGE',b'645448',b'1.8M Views'
b'Miranda Sings',b'SWEATPANTS CHALLENGE!',b'799034',b'1.8M Views'
b'Trap Nation',"b""The Great Escape - I Can't Resist (Nebbra Remix)""",b'1724687',b'8.1k Views'
b'Trap Nation',b'AVE & EFX & Varun - Paint the Sky (feat. LA James)',b'988449',b'10k Views'
b'Trap Nation',b'break - LUXURIA (feat. Hilton)',b'803470',b'9.7k Views'
b'Trap Nation',b'Big Wild - Invincible (feat. iDA HAWK) [Manila Killa Remix]',b'844783',b'9k Views'
b'Trap Nation',b'Steve Aoki - Back 2 U (Unlike Pluto Remix)',b'1128048',b'14k Views'
b'Trap Nation',"b""Illenium - I'll Be Your Reason (FURY Remix)""",b'1150759',b'11k Views'
b'Trap Nation',b'Two Feet - Go F*ck Yourself',b'2277935',b'22k Views'
b'Trap Nation',b'Ellusive & TELYKast - You & I (feat. Shara)',b'9352328',b'10k Views'
b'Trap Nation',b'Kyle Braun - Give Me Love (feat. Broderick Jones)',b'664087',b'7.8k Views'
b'Trap Nation',b'Spaces - Undone (feat. Sarah De Warren)',b'1057880',b'9.7k Views'
b'Trap Nation',b'Ghasper - Turtle Ship',b'4213131',b'9.7k Views'
b'Linkin Park',b'Studio Views',b'96084',b'265k Views'
b'Linkin Park',b'Studio Moments: Bongo Band Jam',b'84089',b'407k Views'
b'Linkin Park',"b'Mannequin Challenge from ""Burn It Down"" - Linkin Park'",b'377968',b'2.1M Views'
b'Linkin Park',b'Phoenix LIVE golfing with Brendan Steele',b'52661',b'272k Views'
b'HowToBasic',b'How To Cook an Egg in Australia',b'4223958',b'2.4M Views'
b'HowToBasic',b'How To Make a Cheeseburger Pizza',b'3142413',b'1.8M Views'
b'HowToBasic',b'How To Catch Rare Pokemon on Pokemon GO',b'5533892',b'9.9M Views'
b'HowToBasic',b'How To Make a Paper Gun that Shoots',b'4546541',b'9.9M Views'
b'HowToBasic',b'How To Make a Giant Kinder Surprise Egg',b'4692259',b'2.6M Views'
b'Galo Frito',b'ROGUISHLY | MALANDRAMENTE TRADUZIDO - EM INGL\xc3\x8aS IS GOOD #03',b'1267160',b'443k Views'
b'Galo Frito',b'MEDERI vs. CADORE',b'1612210',b'219k Views'
b'Galo Frito',b'MINECRAFT vs. GTA V \xe2\x99\xab',b'2594987',b'219k Views'
b'Galo Frito',b'SOGRO vs. GENRO \xe2\x99\xab',b'2765942',b'219k Views'
b'Galo Frito',b'VEGAN vs. CARN\xc3\x8dVORO \xe2\x99\xab',b'1912825',b'219k Views'
b'ERB',b'Alexander the Great vs Ivan the Terrible - Epic Rap Battles of History Season 5',b'18664170',b'193k Views'
b'Dude Perfect',b'DP vs NFL Battle | Dude Perfect',b'12770424',b'2.7M Views'
b'Dude Perfect',b'Snow Sports Battle | Dude Perfect',b'13127386',b'2.7M Views'
b'Dude Perfect',b'Giant Pictionary Team Battle | Dude Perfect',b'12807114',b'2.7M Views'
b'Dude Perfect',b'Lawnmower Racing Battle | Dude Perfect',b'11435370',b'2.7M Views'
b'Dude Perfect',b'Giant Warship Battle | Dude Perfect',b'18334116',b'2.7M Views'
b'Dude Perfect',b'RC Battle | Dude Perfect',b'25350965',b'2.7M Views'
b'Dude Perfect',b'Extreme Weather Golf Battle | Dude Perfect',b'8558462',b'2.7M Views'
b'Dude Perfect',b'Giant Nerf Edition | Dude Perfect',b'29040299',b'2.7M Views'
b'Dude Perfect',b'Golf Trick Shots | Dude Perfect',b'10808030',b'2.7M Views'
b'Dude Perfect',b'Giant Nerf Trick Shots | Dude Perfect',b'21541653',b'2.7M Views'
b'Dude Perfect',b'Dizzy Sports Battle | Dude Perfect',b'18639685',b'2.7M Views'
b'Dude Perfect',b'Epic Trick Shot Edition | Dude Perfect',b'15114320',b'2.7M Views'
b'Dude Perfect',b'All Sports Golf Battle | Dude Perfect',b'30577002',b'2.7M Views'
b'Dude Perfect',b'Drone Racing Battle | Dude Perfect',b'8998410',b'2.7M Views'
b'Dude Perfect',b'Trampoline Charades Team Battle | Dude Perfect',b'11014846',b'2.7M Views'
b'Dude Perfect',b'Water Bottle Flip Edition | Dude Perfect',b'46560573',b'2.7M Views'
b'Dude Perfect',b'Exploding Action Figures | Dude Perfect',b'6483719',b'2.7M Views'
b'Dude Perfect',b'Tailgating Trick Shots | Dude Perfect',b'13443020',b'2.7M Views'
b'Dude Perfect',b'Paintball Trick Shots | Dude Perfect',b'16053463',b'2.7M Views'
b'Dude Perfect',"b""Slip 'N Slide Football Battle | Dude Perfect""",b'22634237',b'2.7M Views'
b'Dude Perfect',b'iPhone Game Battle | Dude Perfect 2',b'16789672',b'2.7M Views'
b'Dude Perfect',b'Blitzball Trick Shots | Dude Perfect',b'18375281',b'841k Views'
b'Dude Perfect',b'Bubble Gum Blowing Battle | Dude Perfect',b'22507274',b'2.7M Views'
b'Dude Perfect',b'Drone Hunting Battle | Dude Perfect',b'14644305',b'2.7M Views'
b'Dude Perfect',b'Endless Ducker Battle | Dude Perfect',b'9006100',b'2.7M Views'
b'Dude Perfect',b'Flip Edition | Dude Perfect',b'27458254',b'2.7M Views'
b'Dude Perfect',b'Plastic Golf Club Battle | Dude Perfect',b'24443995',b'2.7M Views'
b'Dude Perfect',b'Nerf Blasters Battle | Dude Perfect',b'29015174',b'2.7M Views'
b'Dude Perfect',b'Metal Detector Battle | Dude Perfect',b'12668374',b'2.7M Views'
b'Dude Perfect',b'Mountain Top Snow Battle | Dude Perfect',b'13534184',b'2.7M Views'
b'Dude Perfect',b'Blitzball Trick Shots 2 | Dude Perfect',b'19118986',b'841k Views'
b'Lindsey Stirling',"b""Lindsey Stirling - Something Wild ft. Andrew McMahon in the Wilderness (From Disney's Pete's Dragon)""",b'9074674',b'188k Views'
b'enchufetv',b'#EnchufeLive con Orlando Herrera',b'153316',b'27k Views'
b'Rclbeauty101',b'If Google Was A Girl',b'12331804',b'72k Views'
b'Rclbeauty101',b'If Google Was Your Girlfriend',b'4418404',b'72k Views'
b'Rclbeauty101',b'If Google Was On Summer Break',b'6201348',b'72k Views'
b'Rooster Teeth',b'Surgeon Simulator in Real Life - Immersion',b'744834',b'89k Views'
b'IISuperwomanII',b'When A Brown Girl Dates A White Boy (ft. Adam Devine)',b'5075977',b'875k Views'
b'RocketJump',"b""Five Nights at Freddie's""",b'442151',b'40k Views'
b'KSI',b'Thank you!',b'1722102',b'54k Views'
b'KSI',b'EXPERIMENT Glowing 1000 degree KATANA VS 10 MILLION SUBSCRIBER PLAQUE',b'10182790',b'336k Views'
b'KSI',b'LAMBORGHINI RACE',b'5533972',b'312k Views'
b'SMTOWN',b'NCT 127_Limitless_Teaser Clip# TAEIL 2',b'152076',b'101k Views'
b'SMTOWN',b'NCT 127_Limitless_Teaser Clip# HAECHAN 2',b'476078',b'101k Views'
b'SMTOWN',b'NCT 127_Limitless_Teaser Clip# TAEIL 1',b'135195',b'101k Views'
b'SMTOWN',b'NCT 127_Limitless_Teaser Clip# WIN WIN 2',b'76881',b'101k Views'
b'SMTOWN',b'NCT 127_Limitless_Teaser Clip# MARK 1',b'234135',b'101k Views'
b'SMTOWN',b'NCT 127_Limitless_Teaser Clip# TAEYONG 1',b'262305',b'101k Views'
b'SMTOWN',b'NCT 127_Limitless_Teaser Clip# WIN WIN 1',b'56112',b'101k Views'
b'SMTOWN',b'NCT 127_Limitless_Teaser Clip# TAEYONG 2',b'361798',b'101k Views'
b'SMTOWN',b'NCT 127_Limitless_Teaser Clip# HAECHAN 1',b'279107',b'101k Views'
b'SMTOWN',b'NCT 127_Limitless_Teaser Clip# YUTA 1',b'192673',b'101k Views'
b'SMTOWN',b'NCT 127_Limitless_Teaser Clip# MARK 2',b'357659',b'101k Views'
b'SMTOWN',b'NCT 127_Limitless_Teaser Clip# DOYOUNG 1',b'156088',b'101k Views'
b'SMTOWN',b'NCT 127_Limitless_Teaser Clip# DOYOUNG 2',b'200425',b'101k Views'
b'SMTOWN',b'NCT 127_Limitless_Teaser Clip# YUTA 2',b'224190',b'101k Views'
b'Tobuscus',b'TOBUSCUS LIVE (at School of Rock)',b'41201',b'9.2k Views'
b'Tobuscus',b'School of ROCK (IN REAL LIFE)',b'41821',b'14k Views'
b'Tobuscus',b'iPhone 7 HD Video Test (Front-Facing Camera 7 Plus vs. 6s Plus)',b'84915',b'57k Views'
b'Tobuscus',b'Tobuscus Adventures - AUDIOBOOK (The Puppet Show)',b'38468',b'21k Views'
b'BuzzFeedVideo',"b""Adults Try '90s Infomercial Toys""",b'2081507',b'428k Views'
b'BuzzFeedVideo',b'People Give Up Social Media For A Week',b'525756',b'646k Views'
b'BuzzFeedVideo',b'The Try Guys Try The Weirdest Beauty Trends Of 2016',b'2536879',b'191k Views'
b'BuzzFeedVideo',"b'People Play ""Never Have I Ever"" With Their Parents'",b'3580717',b'1M Views'
b'BuzzFeedVideo',b'10 Food Facts That Will Totally Mess You Up',b'663211',b'607k Views'
b'BuzzFeedVideo',b'People Eat Insects For The First Time',b'491193',b'112k Views'
b'BuzzFeedVideo',b'People Try Fast Food Wine Pairings',b'531518',b'646k Views'
b'BuzzFeedVideo',b'People Try Hungarian Food For The First Time',b'884078',b'112k Views'
b'BuzzFeedVideo',b'People Make Pinterest Christmas Treats',b'543443',b'235k Views'
b'BuzzFeedVideo',b'Drunk People Get Surprised With Their Favorite Toys',b'1182522',b'487k Views'
b'BuzzFeedVideo',b'Weirdest Misheard Lyrics of 2016',b'3104369',b'191k Views'
b'BuzzFeedVideo',b'The Best Ways We Surprised People In 2016',b'239713',b'191k Views'
b'BuzzFeedVideo',b'Couples Give Each Other Surprise Hair Makeovers \xe2\x80\xa2 Ned & Ariel',b'1917546',b'1.3M Views'
b'BuzzFeedVideo',b'Men Decorate Each Others Beards For Christmas',b'317904',b'235k Views'
b'BuzzFeedVideo',b'Growing Up With An African Mum',b'433836',b'626k Views'
b'Vsauce',b'ANNOUNCING BRAIN CANDY LIVE',b'1020981',b'25k Views'
b'Trap City',b'R3HAB - Icarus (R3HAB & Skytech Remix)',b'458652',b'41k Views'
b'Trap City',b'San Holo - Light',b'473958',b'79k Views'
b'Trap City',"b""Z ft. Fetty Wap - Nobody's Better (Muffin Remix)""",b'552407',b'52k Views'
b'Trap City',b'Kehlani - Gangsta (Eliminate Remix)',b'366460',b'35k Views'
b'Trap City',b'El Speaker & Skan - Never Gonna Catch Me (Muffin Remix)',b'326628',b'52k Views'
b'Trap City',b'Cymatics - Nightmares Vol. 2 for Serum (Download Link in Description)',b'168521',b'24k Views'
b'Trap City',b'Zay Hilfigerrr - Juju On Dat Beat (Muffin Remix)',b'688574',b'52k Views'
b'MyLifeAsEva',b'How to Survive High School: Car Rides With Mom',b'6395984',b'23k Views'
b'Clash of Clans',b'Clash-A-Rama! The Series: Hog Rider Rides Again',b'17739884',b'1.3M Views'
b'Clash of Clans',b'Clash-A-Rama! The Line Up',b'503056',b'1.3M Views'
b'Clash of Clans',b'Introducing the Clash of Clans Friendly Challenge!',b'916186',b'1.8M Views'
b'Clash of Clans',b'Clash-A-Rama! The Series: 12 Days of Clashmas',b'17419022',b'1.3M Views'
b'Clash of Clans',b'Clash-A-Rama! The Series: Behind The Scenes',b'2569077',b'1.3M Views'
b'Clash of Clans',b'Clash-A-Rama! The Series: Giant vs. Giant Problem',b'24211852',b'1.3M Views'
b'Clash of Clans',"b""Clash-A-Rama! New Year's Resolutions""",b'2341330',b'1.3M Views'
b'Clash of Clans',b'Clash-A-Rama! The Series: Ballad of the Barbarian',b'4787775',b'1.3M Views'
b'Clash of Clans',b'Clash-A-Rama! The Trailer - Available Now',b'1390910',b'1.3M Views'
b'Clash of Clans',b'Clash-A-Rama! The Series: University of Goblin',b'16472518',b'1.3M Views'
b'Clash of Clans',b'Clash of Clans 360: Experience a Virtual Reality Raid',b'52465027',b'2.9M Views'
b'MattyBRaps',b'MattyBRaps - Turn Up The Track',b'21816023',b'247k Views'
b'ThatcherJoe',b'SNEAKY OLD MAN PRANK!',b'3107280',b'953k Views'
b'ThatcherJoe',b'PAINFUL BATHROOM PRANK ON ROOMMATE',b'10455816',b'15M Views'
b'ThatcherJoe',b'BIGGEST FAN PRANK',b'2762758',b'953k Views'
b'ThatcherJoe',b'ULTIMATE AIR HORN PRANK',b'5816255',b'15M Views'
b'League of Legends',b'2017 Preseason Spotlight | Gameplay - League of Legends',b'1869918',b'1M Views'
b'League of Legends',"b'Camille, the Steel Shadow | Login Screen - League of Legends'",b'195332',b'4.8M Views'
b'League of Legends',b'All-Star Barcelona 2016 | Login Screen - League of Legends',b'169176',b'2.8M Views'
b'ComedyShortsGamer',b'HOW TO BE THE BEST YOUTUBER',b'774514',b'671k Views'
b'NBA',"b'James Harden Triple Double 30 Points, 10 Assists, 13 Rebounds | 12.30.16'",b'38089',b'400k Views'
b'Bethany Mota',b'Things Girls Do Before Bed | Bethany Mota',b'1768134',b'300k Views'
b'The Late Late Show with James Corden',b'Madonna Carpool Karaoke: Coming Wednesday',b'1941464',b'189k Views'
b'The Late Late Show with James Corden',b'Madonna Carpool Karaoke',b'15300465',b'189k Views'
b'The Late Late Show with James Corden',b'Bruno Mars Carpool Karaoke',b'32912486',b'7.1M Views'
b'The Late Late Show with James Corden',b'Bruno Mars Carpool Karaoke: Coming Tuesday',b'2803482',b'7.1M Views'
b'The Late Late Show with James Corden',b'Morris Chestnut Roasting By An Open Fire',b'89093',b'95k Views'
b'The Tonight Show Starring Jimmy Fallon',b'Denzel Washington Dramatically Reads Greeting Cards',b'2493223',b'2.3M Views'
b'Bart Baker',"b'Rihanna ft. Drake - ""Work"" PARODY'",b'17390805',b'137k Views'
b'Bart Baker',"b'Jennifer Lopez - ""Ain\'t Your Mama"" PARODY'",b'11934053',b'46k Views'
b'Bart Baker',"b'Justin Bieber - ""Sorry"" PARODY'",b'31093931',b'137k Views'
b'Bart Baker',"b'""First World Problems"" PARODY'",b'2779083',b'137k Views'
b'Bart Baker',"b'Fifth Harmony - ""Work from Home"" PARODY'",b'17849721',b'137k Views'
b'Smosh',b'EVERY SHOPPER EVER',b'2665462',b'118k Views'
b'Smosh',b'ANTHONY AND THE TURTLE DONG',b'434450',b'49k Views'
b'Smosh',b'EVERY HORROR MOVIE EVER',b'2684498',b'118k Views'
b'Smosh',b'EVERY HIPSTER EVER',b'2372694',b'118k Views'
b'Epic Meal Time',b'Epic LIVE Teaser',b'17828',b'21k Views'
b'Epic Meal Time',b'Peanut Butter & Jelly Fries - Handle It',b'106156',b'81k Views'
