Ed Sheeran,Ed Sheeran - Sing [Official Video],164991891,2.5M Views
The Tonight Show Starring Jimmy Fallon,Virtual Reality Pictionary with Andrew Rannells and Michael Che,746766,584k Views
The Tonight Show Starring Jimmy Fallon,"Will It Tea? with Jimmy Fallon, Rhett & Link (Good Mythical Morning)",2619899,1.1M Views
The Tonight Show Starring Jimmy Fallon,Ramen Challenge with Sienna Miller (Plus Rockettes Surprise),348633,1.1M Views
The Tonight Show Starring Jimmy Fallon,Denzel Washington Dramatically Reads Greeting Cards,2536984,2.3M Views
The Tonight Show Starring Jimmy Fallon,Jimmy Demos the Hottest Christmas Toys with Kid Experts Evan and Jillian,513964,905k Views
The Tonight Show Starring Jimmy Fallon,Best Friends Challenge with Viola Davis,403998,614k Views
RocketJump,Mon Daycare,510213,76k Views
RocketJump,Power Windows,648039,55k Views
RocketJump,Live Action Ghost in the Shell - VFX Behind the Scenes!!!,601393,572k Views
RocketJump,Hero of the Storm,953285,470k Views
RocketJump,Five Nights at Freddie's,455338,40k Views
Wassabi Productions,EPIC BOYFRIEND WINTER WONDERLAND SURPRISE!!,3387138,48k Views
Smosh,WHAT THE ROCK IS ACTUALLY COOKING (Smosh Animated),488986,66k Views
Smosh,T-PAIN TOP 5,803696,142k Views
Smosh,EVERY SHOPPER EVER,2684642,118k Views
Smosh,ANTHONY AND THE TURTLE DONG,435759,49k Views
Smosh,FOOD BATTLE 2016,2610676,115k Views
Smosh,GUYS GUIDE TO FOOTBALL,2042455,45k Views
Smosh,MASTERCHEF MILLENNIALS,1801332,128k Views
Smosh,LAW AND ORDER: ZOMBIE COP DIVISION (ZCD),892830,42k Views
Smosh,WHAT IF THE NEW SMOSH MOVIE...,1412252,94k Views
Smosh,WHAT IF SANTA WERE...,1251995,77k Views
Smosh,WHAT IF YOUR IPHONE WERE...,1652276,152k Views
Smosh,this had to happen,5031258,125k Views
Skrillex,Skrillex & Rick Ross - Purple Lamborghini [Official Video],194371012,14M Views
Linkin Park,Linkin Park x MadeWorn,598146,191k Views
Smosh Games,DISHONORED (Honest Game Trailers),751577,14k Views
Smosh Games,WATCH DOGS 2 (Honest Game Trailers),1160077,17k Views
Smosh Games,FINAL FANTASY X (Honest Game Trailers),952228,23k Views
Trap City,Cymatics - Nightmares Vol. 2 for Serum (Download Link in Description),170381,24k Views
PrankvsPrank,EPIC SILVER SURFER HALLOWEEN COSTUME NYC!,5084864,276k Views
BuzzFeedVideo,Meat Lovers Get Pranked With Plant Burgers,1900396,396k Views
BuzzFeedVideo,10 Food Facts That Will Totally Mess You Up,736886,610k Views
BuzzFeedVideo,People Eat Insects For The First Time,503456,114k Views
BuzzFeedVideo,12 Amazing Feelings You Can't Resist,325840,795k Views
BuzzFeedVideo,People Try Fast Food Wine Pairings,565376,420k Views
BuzzFeedVideo,People Give Up Social Media For A Week,556223,216k Views
BuzzFeedVideo,I Wore Body Paint Instead Of Clothes In The City,693451,574k Views
BuzzFeedVideo,Can You Guess Which Wine Is More Expensive?,249469,315k Views
BuzzFeedVideo,Do These Things Make You Super Uncomfortable?,720309,819k Views
BuzzFeedVideo,Weirdest Misheard Lyrics of 2016,3368189,1.2M Views
BuzzFeedVideo,Instant Hot Chocolate Taste Test,851094,436k Views
BuzzFeedVideo,Men Decorate Each Others Beards For Christmas,321014,292k Views
BuzzFeedVideo,People Make Pinterest Christmas Treats,549032,235k Views
BuzzFeedVideo,I Have A Condition That Makes Sex Painful,1144387,1.1M Views
TheFineBros,YouTubers React to Baby Butt Syringe Videos?!,1063292,21k Views
TheFineBros,WE HAD A HOLIDAY PARTY!,159661,8.5k Views
TheFineBros,CELEBS REACT TO THEIR FIRST TWEETS,957329,11k Views
TheFineBros,KIDS REACT TO POPPY,1187679,37k Views
TheFineBros,ADULTS REACT TO THE MACARENA (20th Anniversary),713568,34k Views
TheFineBros,WE ARE NUMBER ONE BUT KIDS REACT TO IT,2237865,31k Views
TheFineBros,YOUTUBERS REACT TO NSFW CHALLENGES,1863139,47k Views
TheFineBros,TEENS REACT TO TUPAC SHAKUR (2PAC),1265220,30k Views
TheFineBros,ADULTS REACT TO TRY NOT TO LOOK AWAY CHALLENGE,2479475,42k Views
TheFineBros,CELEBS REACT TO HOWTOBASIC,1361486,21k Views
Clash of Clans,Clash-A-Rama! The Series: 12 Days of Clashmas,17821407,543k Views
Clash of Clans,Clash-A-Rama! The Series: Giant vs. Giant Problem,24363000,1.4M Views
Clash of Clans,Clash-A-Rama! The Series: Ballad of the Barbarian,5192127,831k Views
Clash of Clans,Clash of Clans War Challenge - LIVE,2843977,168k Views
Clash of Clans,Clash of Clans War Challenge - LIVE soon!,538698,168k Views
Clash of Clans,Clash of Clans - Update Stream Recap,1167680,670k Views
Clash of Clans,Clash of Clans Update Stream Coming Tomorrow!,636579,315k Views
Clash of Clans,Clash-A-Rama! The Series: Hog Rider Rides Again,17883973,1.1M Views
Clash of Clans,Clash-A-Rama! The Series: University of Goblin,16591405,563k Views
Clash of Clans,Clash-A-Rama! The Series: Behind The Scenes,2578929,303k Views
VitalyzdTv,Bait Phone Prank In The Hood Backfires!,4183839,689k Views
WWE,"Top 10 SmackDown LIVE moments: WWE Top 10, Dec. 27, 2016",1750816,705k Views
WWE,Ariya Daivari brings experience and legacy to WWE 205 Live,115134,226k Views
Caspar,CARA DELEVINGNE SHOWS ME HER UNDERPANTS,7631148,437k Views
MattyBRaps,Revealing My Book Cover!,1163322,194k Views
Bart Baker,Bart Baker - KIMYE (Official Lyric Video),1427959,78k Views
Bart Baker,"Fifth Harmony - ""Work from Home"" PARODY",17879080,137k Views
Bart Baker,Bart Baker - DRAKE (Official Lyric Video),2920903,78k Views
Epic Meal Time,1 Million Calorie Lasagna - Epic Meal Time,719646,131k Views
Epic Meal Time,Christmas Burger - Handle It,93681,22k Views
Epic Meal Time,Epic LIVE Teaser,17922,21k Views
Epic Meal Time,Nutella Bomb - Epic Meal Time,325583,62k Views
Epic Meal Time,Enough Ribs to Kill a Man - Epic Meal Time,225578,97k Views
Rclbeauty101,If Google Was A Girl,12345526,72k Views
VICE,The Nepalese Honey That Makes People Hallucinate,896534,271k Views
VICE,Single Japanese Women Are Buying the Boyfriend Experience: Slutever,902160,669k Views
BIGBANG,BIGBANG10 THE EXHIBITION - 'A TO Z' PROMO SPOT,225874,340k Views
BIGBANG,BIGBANG10 THE EXHIBITION - 'A TO Z' PROMO SPOT #2,285591,340k Views
Jimmy Kimmel Live,Rami Malek Ran Into Ex Immediately After Winning An Emmy,786906,204k Views
Jimmy Kimmel Live,My Little Guillermo,83523,115k Views
Jimmy Kimmel Live,Blake Shelton Takes Gwen Stefani on Helicopter Dates,182949,168k Views
Jimmy Kimmel Live,This Year in Unnecessary Censorship,225933,313k Views
Jimmy Kimmel Live,As Seen on TV Gift Guide 2016,44694,116k Views
Manual do Mundo,Ralador de emergência para ataques de zumbis,401470,24k Views
Manual do Mundo,Por que a energia solar não está em todos os telhados? #Boravê,489232,10k Views
Manual do Mundo,Vamos chutar o balde em 2017!,229177,5.7k Views
WatchMojo.com,"Jediism, Horses on Meth and KILLER GAME SHOWS: The Dispatch #42",36069,3.7k Views
WatchMojo.com,Top 10 Biggest Comic Book Moments of 2016,209926,3.6k Views
WatchMojo.com,Top 10 Memes of 2016,411211,8.2k Views
The Late Late Show with James Corden,Madonna Carpool Karaoke: Coming Wednesday,1943612,2.5M Views
The Late Late Show with James Corden,Bruno Mars Carpool Karaoke: Coming Tuesday,2810002,7.1M Views
CollegeHumor,Honest New Year's,747662,654k Views
CollegeHumor,What Americans Will Believe About Christmas in the UK,325951,134k Views
CollegeHumor,"The Drunken, Pagan History of Christmas",648186,7M Views
League of Legends,2016: The Playlist | League of Legends,363073,2.4M Views
David Guetta,"David Guetta, Cedric Gervais & Chris Willis - Would I Lie To You - Teaser 2",314767,206k Views
David Guetta,"David Guetta, Cedric Gervais & Chris Willis - Would I Lie To You - Teaser 1",134607,206k Views
David Guetta,"David Guetta, cedric Gervais & Chris Willis - Would I Lie To You - Teaser 3",378379,206k Views
Galo Frito,RETROSPECTIVA 2015 ♫,3114624,808k Views
Galo Frito,VEGAN vs. CARNÍVORO ♫,1918909,220k Views
Galo Frito,RETROSPECTIVA 2016 ♫,1682575,808k Views
MyLifeAsEva,How to Survive High School: Your First Crush!,9143349,17k Views
MyLifeAsEva,How to Survive High School: Car Rides With Mom,6400478,13k Views
MyLifeAsEva,How to Survive High School : The First Day Of School,7135750,18k Views
MyLifeAsEva,How to Survive High School: How To Make New Friends!,5573748,23k Views
MyLifeAsEva,How to Survive High School: Your First Relationship!,19648800,10k Views
Vete a la Versh,"Vete a la Versh - T4, E2: El Ciclo de la Vida",4970606,646k Views
Vete a la Versh,Vete a la Versh - Especial de Navidad 2016,1806250,245k Views
Vete a la Versh,"Vete a la Versh - T4, E3: Escroto Ball (Opening)",9706260,283k Views
Vete a la Versh,"Vete a la Versh - T4, E9: La Leyenda de Melda - Parte VII",5643743,395k Views
Vete a la Versh,"Vete a la Versh - T4, E01: Realidad Virtual",8581702,571k Views
Vete a la Versh,"Vete a la Versh - T4, E14: La Leyenda de Melda - Parte VIII",3699685,271k Views