Bad Lip Reading,"""DEMOCRATIC NATIONAL CONVENTION"" — A Bad Lip Reading",4958834,15M Views
BuzzFeedVideo,I Have A Condition That Makes Sex Painful,1235997,1.1M Views
BuzzFeedVideo,Do These Things Make You Super Uncomfortable?,796326,827k Views
BuzzFeedVideo,People Give Up Social Media For A Week,563254,218k Views
BuzzFeedVideo,Can You Guess Which Wine Is More Expensive?,318687,318k Views
BuzzFeedVideo,12 Amazing Feelings You Can't Resist,567752,1.4M Views
BuzzFeedVideo,Meat Lovers Get Pranked With Plant Burgers,2000974,398k Views
BuzzFeedVideo,Instant Hot Chocolate Taste Test,885435,438k Views
BuzzFeedVideo,Weirdest Misheard Lyrics of 2016,3450216,1.2M Views
RocketJump,Mon Daycare,510467,76k Views
RocketJump,Power Windows,648328,55k Views
RocketJump,Five Nights at Freddie's,460076,40k Views
RocketJump,Hero of the Storm,954852,470k Views
Simon's Cat,Simon's Cat: Guide to Winter,926717,2.5M Views
Simon's Cat,Simon Paints - Christmas,558415,202k Views
GoPro,GoPro: Best of 2016 - A Year in Review,1138967,830k Views
GoPro,GoPro: Best Line Contest - November 2016 Highlights,145950,33k Views
GoPro,GoPro Surf: Jamie O'brien Lights up the Night at Pipeline,89050,31k Views
GoPro,GoPro: Jesper Tjäder`s Loop from Supervention II,376003,89k Views
CollegeHumor,What Americans Will Believe About Christmas in the UK,326908,134k Views
CollegeHumor,Honest New Year's,764262,658k Views
League of Legends,2016: The Playlist | League of Legends,372965,2.4M Views
Smosh,LAW AND ORDER: ZOMBIE COP DIVISION (ZCD),896968,42k Views
Smosh,WHAT IF SANTA WERE...,1258800,77k Views
Smosh,WHAT IF THE NEW SMOSH MOVIE...,1417954,94k Views
Smosh,this had to happen,5061926,125k Views
Smosh,FOOD BATTLE 2016,2730660,115k Views
VitalyzdTv,Bait Phone Prank In The Hood Backfires!,4191547,690k Views
Tomorrowland,Tomorrowland Belgium 2016 | Discover Europe Recap,125121,246k Views
Tomorrowland,Tomorrowland Belgium 2017 | 2 Weekends of Magic,121492,801k Views
Tomorrowland,Tomorrowland Belgium 2016 | The Raw Connection,263873,423k Views
Tomorrowland,Tomorrowland Belgium 2016 | The Chainsmokers,1923638,534k Views
Skrillex,Skrillex & Rick Ross - Purple Lamborghini [Official Video],194784831,14M Views
CorridorDigital,The Wolf of Meme Street,579373,28k Views
CorridorDigital,REAL Mario Galaxy,929596,28k Views
CasalDeNerd,Grande revelações para 2017,328806,10k Views
CasalDeNerd,Pare! E vire uma minhoca fantasma! - Melhor JOGO! wormax.io,284227,6.7k Views
The Tonight Show Starring Jimmy Fallon,"Will It Tea? with Jimmy Fallon, Rhett & Link (Good Mythical Morning)",2642702,1.1M Views
Galo Frito,RETROSPECTIVA 2016 ♫,1782049,827k Views
Proximity,Kidswaste - More Colors (ft. Chelsea Cutler),126839,7.6k Views
Proximity,Flume - Heater,338364,18k Views
Proximity,Eagle-Eye Cherry - Save Tonight (BUNT. Remix),232833,10k Views
Proximity,Dillon Francis - Anywhere ft. Will Heard (LUCA LUSH Remix),203448,16k Views
RiceGum,We need to talk... I should have told you guys sooner...,3821716,38k Views
RiceGum,EXPERIMENT Glowing 1000 degree KNIFE VS HUMAN BODY PART,1619750,24k Views
RiceGum,THIS GIRL MUST BE STOPPED (ANIMAL KILLER),1356733,28k Views
RiceGum,The YouTube Rewind 2016 RANT!!! (NOT FAIR),3450094,21k Views
RiceGum,"$10,000 1v1 Basketball game! Nerd Asian Kid Vs. Buff Guy",2334731,59k Views
RiceGum,THESE KIDS MUST BE STOPPED! (Season 2),4661441,54k Views
RiceGum,Zoie Burgher Roasted Me? (DISS TRACK),5030762,70k Views
RiceGum,SIDEMEN MEMBER ROASTED ME??? (DISS TRACK),3590162,36k Views
WatchMojo.com,Top 10 Memes of 2016,443206,13k Views
WatchMojo.com,"Jediism, Horses on Meth and KILLER GAME SHOWS: The Dispatch #42",36140,4.8k Views
AsapSCIENCE,This Is Why Your New Year's Will SUCK!,1680548,69k Views
Bart Baker,Bart Baker - KIMYE (Official Lyric Video),1439990,78k Views
Bart Baker,Bart Baker - DRAKE (Official Lyric Video),2927095,78k Views
SteveKardynal,THE LITTLE MERMAID IN REAL LIFE!,5597598,3.5M Views
SteveKardynal,Lip Sync Conversation (SONGS IN REAL LIFE),884185,531k Views
SteveKardynal,Let It Go (Chatroulette Version),357213,12M Views
SteveKardynal,SONGS IN REAL LIFE 4!!,46186197,460k Views
SteveKardynal,"Me, Myself & Others (CamSurf Version)",795458,2.3M Views
Alan Walker,Alan Walker - Sing Me To Sleep (Marshmello Remix),5007921,109k Views
Rémi GAILLARD,BEST OF 2016 (REMI GAILLARD),2042608,4.8M Views
Screen Junkies,Honest Trailers - Mortal Kombat,2213286,71k Views
Screen Junkies,The Craziest Star Wars Interviews You’ve Never Seen! (Until Now!),337275,8.3k Views
TheFineBros,ADULTS REACT TO TRY NOT TO LOOK AWAY CHALLENGE,2779328,44k Views
TheFineBros,TEENS REACT TO TUPAC SHAKUR (2PAC),1305912,31k Views
TheFineBros,YouTubers React to Baby Butt Syringe Videos?!,1142594,21k Views
TheFineBros,WE HAD A HOLIDAY PARTY!,160579,8.5k Views
TheFineBros,KIDS REACT TO POPPY,1211474,37k Views
TheFineBros,ADULTS REACT TO THE MACARENA (20th Anniversary),718702,35k Views
Epic Meal Time,Christmas Burger - Handle It,94683,22k Views
Epic Meal Time,1 Million Calorie Lasagna - Epic Meal Time,739806,131k Views
Epic Meal Time,Nutella Bomb - Epic Meal Time,331642,62k Views
Epic Meal Time,Enough Ribs to Kill a Man - Epic Meal Time,227813,97k Views
David Guetta,"David Guetta, Cedric Gervais & Chris Willis - Would I Lie To You - Teaser 2",315043,206k Views
David Guetta,"David Guetta, cedric Gervais & Chris Willis - Would I Lie To You - Teaser 3",378677,206k Views
David Guetta,"David Guetta, Cedric Gervais & Chris Willis - Would I Lie To You - Teaser 1",134742,206k Views
Vete a la Versh,"Vete a la Versh - T4, E14: La Leyenda de Melda - Parte VIII",3721845,271k Views
Vete a la Versh,Vete a la Versh - Especial de Navidad 2016,2135976,245k Views
Monstercat,Monstercat Mix Contest 2016 - Winner Announcement,58222,10k Views
Nash Grier,The Deleted Trailer,140193,57k Views
Nash Grier,Jamaican Adventure,199565,49k Views
JacksGap,Our Changing Climate,1240753,52k Views
Manual do Mundo,Vamos chutar o balde em 2017!,241307,5.7k Views
PrankvsPrank,EPIC SILVER SURFER HALLOWEEN COSTUME NYC!,5086043,276k Views
Joe Weller,BRUTAL BOXING IN PUBLIC,1280005,726k Views
Clash of Clans,Clash-A-Rama! The Series: 12 Days of Clashmas,18019949,544k Views
Clash of Clans,Clash of Clans Update Stream Coming Tomorrow!,637217,315k Views
Clash of Clans,Clash-A-Rama! The Series: Ballad of the Barbarian,5443506,834k Views
Clash of Clans,Clash of Clans - Update Stream Recap,1170042,671k Views
YRF,Remix | Nashe Si Chadh Gayi Song | Aqeel Ali | Arijit Singh | Befikre,91748,36k Views
Linkin Park,Linkin Park x MadeWorn,598811,191k Views
