Miranda Sings,WARHEAD CANDY CANE CHALLENGE,611486,1.8M Views
Bethany Mota,Things Girls Do Before Bed | Bethany Mota,1750363,299k Views
ThatcherJoe,BIGGEST FAN PRANK,2725758,953k Views
HowToBasic,How To Catch Rare Pokemon on Pokemon GO,5509939,9.9M Views
HowToBasic,How To Make a Cheeseburger Pizza,3006992,1.8M Views
Clash of Clans,Clash-A-Rama! The Series: Hog Rider Rides Again,16757432,1.3M Views
Clash of Clans,Clash-A-Rama! The Series: 12 Days of Clashmas,14806306,1.3M Views
Dude Perfect,Giant Nerf Trick Shots | Dude Perfect,21325009,2.7M Views
Dude Perfect,Metal Detector Battle | Dude Perfect,12521954,2.7M Views
Dude Perfect,Drone Hunting Battle | Dude Perfect,14467608,2.7M Views
Dude Perfect,Extreme Weather Golf Battle | Dude Perfect,8355129,2.7M Views
Dude Perfect,Flip Edition | Dude Perfect,26772638,2.7M Views
Dude Perfect,Giant Warship Battle | Dude Perfect,18096614,2.7M Views
Dude Perfect,Trampoline Charades Team Battle | Dude Perfect,10910374,2.7M Views
KSI,EXPERIMENT Glowing 1000 degree KATANA VS 10 MILLION SUBSCRIBER PLAQUE,6023473,178k Views
CollegeHumor,What Could go Wrong with Our Dangerous Traps? (CHome Alone 5/5),396832,103k Views
The Late Late Show with James Corden,Morris Chestnut Roasting By An Open Fire,77981,85k Views
Lindsey Stirling,Lindsey Stirling - Something Wild ft. Andrew McMahon in the Wilderness (From Disney's Pete's Dragon),9005181,188k Views
Trap Nation,Two Feet - Go F*ck Yourself,1527647,21k Views
IISuperwomanII,When A Brown Girl Dates A White Boy (ft. Adam Devine),4910247,868k Views
Epic Meal Time,Epic LIVE Teaser,17426,21k Views
NBA,Steven Adams Hurting Rims in Miami | 12.27.16,17407,363k Views
enchufetv,#EnchufeLive con Orlando Herrera,150586,27k Views
Tobuscus,TOBUSCUS LIVE (at School of Rock),40241,9.2k Views
Tobuscus,iPhone 7 HD Video Test (Front-Facing Camera 7 Plus vs. 6s Plus),83573,57k Views
Tobuscus,School of ROCK (IN REAL LIFE),40650,14k Views
Tobuscus,Tobuscus Adventures - AUDIOBOOK (The Puppet Show),34403,21k Views
BuzzFeedVideo,Growing Up With An African Mum,391047,530k Views
BuzzFeedVideo,Adults Try '90s Infomercial Toys,1304763,422k Views
BuzzFeedVideo,People Eat Insects For The First Time,346240,101k Views
BuzzFeedVideo,"People Play ""Never Have I Ever"" With Their Parents",2105535,962k Views
BuzzFeedVideo,Couples Give Each Other Surprise Hair Makeovers â€¢ Ned & Ariel,1043843,1.2M Views
BuzzFeedVideo,People Make Pinterest Christmas Treats,480077,230k Views
BuzzFeedVideo,Men Decorate Each Others Beards For Christmas,292165,230k Views
Trap City,Cymatics - Nightmares Vol. 2 for Serum (Download Link in Description),159710,23k Views
Trap City,Zay Hilfigerrr - Juju On Dat Beat (Muffin Remix),475602,50k Views
League of Legends,All-Star Barcelona 2016 | Login Screen - League of Legends,163865,2.8M Views
SMTOWN,NCT 127_Limitless_Teaser Clip# MARK 1,161553,85k Views
SMTOWN,NCT 127_Limitless_Teaser Clip# MARK 2,216465,85k Views
SMTOWN,NCT 127_Limitless_Teaser Clip# HAECHAN 1,223408,85k Views
SMTOWN,NCT 127_Limitless_Teaser Clip# HAECHAN 2,325445,85k Views
ERB,Alexander the Great vs Ivan the Terrible - Epic Rap Battles of History Season 5,18477660,193k Views
RocketJump,Five Nights at Freddie's,373542,39k Views
Vsauce,ANNOUNCING BRAIN CANDY LIVE,1007708,25k Views
Linkin Park,Studio Views,95839,265k Views
Linkin Park,Phoenix LIVE golfing with Brendan Steele,50353,270k Views
Linkin Park,"Mannequin Challenge from ""Burn It Down"" - Linkin Park",374675,2.1M Views
Linkin Park,Studio Moments: Bongo Band Jam,83762,407k Views
